split,n,accuracy,balanced_accuracy,auc,mmse_mae,mmse_rmse,mean_segmentation_dice
all,174,0.5,0.5,0.6832474567314044,2.9977796204647005,4.035967907925079,0.9038184298866097
test,27,0.5185185185185185,0.5,0.7582417582417582,2.6225275969890847,3.3684993828039476,0.8841396128689801
train,121,0.49586776859504134,0.5,0.6781420765027323,2.9853188404093123,4.008921162898842,0.9093568812717091
val,26,0.5,0.5,0.5532544378698225,3.4454549674086796,4.736453703205398,0.8984790238050314
